<annotation>
	<folder>JPEGImages</folder>
	<filename>circle1-29.jpg</filename>
	<path>C:\Users\tunah\Desktop\amalog_ammeter_dataset_20211019\JPEGImages\circle1-29.jpg</path>
	<source>
		<database>Unknown</database>
	</source>
	<size>
		<width>600</width>
		<height>600</height>
		<depth>3</depth>
	</size>
	<segmented>0</segmented>
	<object>
		<name>Analog_Circular_Ammeter</name>
		<pose>Unspecified</pose>
		<truncated>0</truncated>
		<difficult>0</difficult>
		<bndbox>
			<xmin>71</xmin>
			<ymin>23</ymin>
			<xmax>531</xmax>
			<ymax>480</ymax>
		</bndbox>
	</object>
	<object>
		<name>Value</name>
		<pose>Unspecified</pose>
		<truncated>0</truncated>
		<difficult>0</difficult>
		<bndbox>
			<xmin>288</xmin>
			<ymin>57</ymin>
			<xmax>315</xmax>
			<ymax>86</ymax>
		</bndbox>
	</object>
	<object>
		<name>Value</name>
		<pose>Unspecified</pose>
		<truncated>0</truncated>
		<difficult>0</difficult>
		<bndbox>
			<xmin>416</xmin>
			<ymin>111</ymin>
			<xmax>437</xmax>
			<ymax>137</ymax>
		</bndbox>
	</object>
	<object>
		<name>Value</name>
		<pose>Unspecified</pose>
		<truncated>0</truncated>
		<difficult>0</difficult>
		<bndbox>
			<xmin>468</xmin>
			<ymin>240</ymin>
			<xmax>484</xmax>
			<ymax>266</ymax>
		</bndbox>
	</object>
	<object>
		<name>Value</name>
		<pose>Unspecified</pose>
		<truncated>0</truncated>
		<difficult>0</difficult>
		<bndbox>
			<xmin>392</xmin>
			<ymin>216</ymin>
			<xmax>427</xmax>
			<ymax>240</ymax>
		</bndbox>
	</object>
	<object>
		<name>Value</name>
		<pose>Unspecified</pose>
		<truncated>0</truncated>
		<difficult>0</difficult>
		<bndbox>
			<xmin>360</xmin>
			<ymin>155</ymin>
			<xmax>399</xmax>
			<ymax>181</ymax>
		</bndbox>
	</object>
	<object>
		<name>Value</name>
		<pose>Unspecified</pose>
		<truncated>0</truncated>
		<difficult>0</difficult>
		<bndbox>
			<xmin>295</xmin>
			<ymin>124</ymin>
			<xmax>332</xmax>
			<ymax>148</ymax>
		</bndbox>
	</object>
	<object>
		<name>Value</name>
		<pose>Unspecified</pose>
		<truncated>0</truncated>
		<difficult>0</difficult>
		<bndbox>
			<xmin>229</xmin>
			<ymin>139</ymin>
			<xmax>265</xmax>
			<ymax>164</ymax>
		</bndbox>
	</object>
	<object>
		<name>Value</name>
		<pose>Unspecified</pose>
		<truncated>0</truncated>
		<difficult>0</difficult>
		<bndbox>
			<xmin>184</xmin>
			<ymin>186</ymin>
			<xmax>221</xmax>
			<ymax>213</ymax>
		</bndbox>
	</object>
	<object>
		<name>Value</name>
		<pose>Unspecified</pose>
		<truncated>0</truncated>
		<difficult>0</difficult>
		<bndbox>
			<xmin>173</xmin>
			<ymin>258</ymin>
			<xmax>206</xmax>
			<ymax>282</ymax>
		</bndbox>
	</object>
	<object>
		<name>Value</name>
		<pose>Unspecified</pose>
		<truncated>0</truncated>
		<difficult>0</difficult>
		<bndbox>
			<xmin>209</xmin>
			<ymin>324</ymin>
			<xmax>226</xmax>
			<ymax>348</ymax>
		</bndbox>
	</object>
	<object>
		<name>Value</name>
		<pose>Unspecified</pose>
		<truncated>0</truncated>
		<difficult>0</difficult>
		<bndbox>
			<xmin>385</xmin>
			<ymin>285</ymin>
			<xmax>421</xmax>
			<ymax>311</ymax>
		</bndbox>
	</object>
	<object>
		<name>Value</name>
		<pose>Unspecified</pose>
		<truncated>0</truncated>
		<difficult>0</difficult>
		<bndbox>
			<xmin>369</xmin>
			<ymin>322</ymin>
			<xmax>397</xmax>
			<ymax>343</ymax>
		</bndbox>
	</object>
	<object>
		<name>Value</name>
		<pose>Unspecified</pose>
		<truncated>0</truncated>
		<difficult>0</difficult>
		<bndbox>
			<xmin>110</xmin>
			<ymin>239</ymin>
			<xmax>135</xmax>
			<ymax>263</ymax>
		</bndbox>
	</object>
	<object>
		<name>Value</name>
		<pose>Unspecified</pose>
		<truncated>0</truncated>
		<difficult>0</difficult>
		<bndbox>
			<xmin>160</xmin>
			<ymin>365</ymin>
			<xmax>185</xmax>
			<ymax>390</ymax>
		</bndbox>
	</object>
	<object>
		<name>Value</name>
		<pose>Unspecified</pose>
		<truncated>0</truncated>
		<difficult>0</difficult>
		<bndbox>
			<xmin>163</xmin>
			<ymin>110</ymin>
			<xmax>189</xmax>
			<ymax>136</ymax>
		</bndbox>
	</object>
	<object>
		<name>Value</name>
		<pose>Unspecified</pose>
		<truncated>0</truncated>
		<difficult>0</difficult>
		<bndbox>
			<xmin>418</xmin>
			<ymin>367</ymin>
			<xmax>433</xmax>
			<ymax>390</ymax>
		</bndbox>
	</object>
</annotation>
