<annotation>
	<folder>JPEGImages</folder>
	<filename>square-43.jpg</filename>
	<path>C:\Users\LPS\Desktop\meter_dataset_20211015\JPEGImages\square-43.jpg</path>
	<source>
		<database>Unknown</database>
	</source>
	<size>
		<width>500</width>
		<height>500</height>
		<depth>3</depth>
	</size>
	<segmented>0</segmented>
	<object>
		<name>Analog_Rectangle_Ammeter</name>
		<pose>Unspecified</pose>
		<truncated>0</truncated>
		<difficult>0</difficult>
		<bndbox>
			<xmin>81</xmin>
			<ymin>101</ymin>
			<xmax>386</xmax>
			<ymax>407</ymax>
		</bndbox>
	</object>
	<object>
		<name>Value</name>
		<pose>Unspecified</pose>
		<truncated>0</truncated>
		<difficult>0</difficult>
		<bndbox>
			<xmin>309</xmin>
			<ymin>150</ymin>
			<xmax>362</xmax>
			<ymax>179</ymax>
		</bndbox>
	</object>
	<object>
		<name>Value</name>
		<pose>Unspecified</pose>
		<truncated>0</truncated>
		<difficult>0</difficult>
		<bndbox>
			<xmin>248</xmin>
			<ymin>160</ymin>
			<xmax>304</xmax>
			<ymax>188</ymax>
		</bndbox>
	</object>
	<object>
		<name>Value</name>
		<pose>Unspecified</pose>
		<truncated>0</truncated>
		<difficult>0</difficult>
		<bndbox>
			<xmin>203</xmin>
			<ymin>184</ymin>
			<xmax>254</xmax>
			<ymax>212</ymax>
		</bndbox>
	</object>
	<object>
		<name>Value</name>
		<pose>Unspecified</pose>
		<truncated>0</truncated>
		<difficult>0</difficult>
		<bndbox>
			<xmin>161</xmin>
			<ymin>239</ymin>
			<xmax>211</xmax>
			<ymax>268</ymax>
		</bndbox>
	</object>
	<object>
		<name>Value</name>
		<pose>Unspecified</pose>
		<truncated>0</truncated>
		<difficult>0</difficult>
		<bndbox>
			<xmin>133</xmin>
			<ymin>310</ymin>
			<xmax>175</xmax>
			<ymax>339</ymax>
		</bndbox>
	</object>
</annotation>
