<annotation>
	<folder>JPEGImages</folder>
	<filename>square-52.jpg</filename>
	<path>C:\Users\tunah\Desktop\amalog_ammeter_dataset_20211019\JPEGImages\square-52.jpg</path>
	<source>
		<database>Unknown</database>
	</source>
	<size>
		<width>1007</width>
		<height>1007</height>
		<depth>1</depth>
	</size>
	<segmented>0</segmented>
	<object>
		<name>Analog_Rectangle_Ammeter</name>
		<pose>Unspecified</pose>
		<truncated>0</truncated>
		<difficult>0</difficult>
		<bndbox>
			<xmin>145</xmin>
			<ymin>170</ymin>
			<xmax>829</xmax>
			<ymax>838</ymax>
		</bndbox>
	</object>
	<object>
		<name>Value</name>
		<pose>Unspecified</pose>
		<truncated>0</truncated>
		<difficult>0</difficult>
		<bndbox>
			<xmin>663</xmin>
			<ymin>263</ymin>
			<xmax>724</xmax>
			<ymax>301</ymax>
		</bndbox>
	</object>
	<object>
		<name>Value</name>
		<pose>Unspecified</pose>
		<truncated>0</truncated>
		<difficult>0</difficult>
		<bndbox>
			<xmin>602</xmin>
			<ymin>266</ymin>
			<xmax>660</xmax>
			<ymax>306</ymax>
		</bndbox>
	</object>
	<object>
		<name>Value</name>
		<pose>Unspecified</pose>
		<truncated>0</truncated>
		<difficult>0</difficult>
		<bndbox>
			<xmin>508</xmin>
			<ymin>285</ymin>
			<xmax>605</xmax>
			<ymax>354</ymax>
		</bndbox>
	</object>
	<object>
		<name>Value</name>
		<pose>Unspecified</pose>
		<truncated>0</truncated>
		<difficult>0</difficult>
		<bndbox>
			<xmin>414</xmin>
			<ymin>329</ymin>
			<xmax>514</xmax>
			<ymax>399</ymax>
		</bndbox>
	</object>
	<object>
		<name>Value</name>
		<pose>Unspecified</pose>
		<truncated>0</truncated>
		<difficult>0</difficult>
		<bndbox>
			<xmin>339</xmin>
			<ymin>423</ymin>
			<xmax>429</xmax>
			<ymax>491</ymax>
		</bndbox>
	</object>
	<object>
		<name>Value</name>
		<pose>Unspecified</pose>
		<truncated>0</truncated>
		<difficult>0</difficult>
		<bndbox>
			<xmin>271</xmin>
			<ymin>521</ymin>
			<xmax>363</xmax>
			<ymax>592</ymax>
		</bndbox>
	</object>
	<object>
		<name>Value</name>
		<pose>Unspecified</pose>
		<truncated>0</truncated>
		<difficult>0</difficult>
		<bndbox>
			<xmin>239</xmin>
			<ymin>607</ymin>
			<xmax>308</xmax>
			<ymax>676</ymax>
		</bndbox>
	</object>
</annotation>
