<annotation>
	<folder>JPEGImages</folder>
	<filename>square-22.jpg</filename>
	<path>C:\Users\LPS\Desktop\meter_dataset_20211015\JPEGImages\square-22.jpg</path>
	<source>
		<database>Unknown</database>
	</source>
	<size>
		<width>640</width>
		<height>630</height>
		<depth>3</depth>
	</size>
	<segmented>0</segmented>
	<object>
		<name>Analog_Rectangle_Ammeter</name>
		<pose>Unspecified</pose>
		<truncated>0</truncated>
		<difficult>0</difficult>
		<bndbox>
			<xmin>125</xmin>
			<ymin>116</ymin>
			<xmax>495</xmax>
			<ymax>487</ymax>
		</bndbox>
	</object>
	<object>
		<name>Value</name>
		<pose>Unspecified</pose>
		<truncated>0</truncated>
		<difficult>0</difficult>
		<bndbox>
			<xmin>409</xmin>
			<ymin>165</ymin>
			<xmax>471</xmax>
			<ymax>200</ymax>
		</bndbox>
	</object>
	<object>
		<name>Value</name>
		<pose>Unspecified</pose>
		<truncated>0</truncated>
		<difficult>0</difficult>
		<bndbox>
			<xmin>286</xmin>
			<ymin>206</ymin>
			<xmax>344</xmax>
			<ymax>245</ymax>
		</bndbox>
	</object>
	<object>
		<name>Value</name>
		<pose>Unspecified</pose>
		<truncated>0</truncated>
		<difficult>0</difficult>
		<bndbox>
			<xmin>186</xmin>
			<ymin>334</ymin>
			<xmax>246</xmax>
			<ymax>371</ymax>
		</bndbox>
	</object>
</annotation>
