<annotation>
	<folder>my-project-name</folder>
	<filename>circle1-100.jpg</filename>
	<path>/my-project-name/circle1-100.jpg</path>
	<source>
		<database>Unspecified</database>
	</source>
	<size>
		<width>706</width>
		<height>392</height>
		<depth>3</depth>
	</size>
	<object>
		<name>Analog_Circular_Ammeter</name>
		<pose>Unspecified</pose>
		<truncated>Unspecified</truncated>
		<difficult>Unspecified</difficult>
		<bndbox>
			<xmin>174</xmin>
			<ymin>74</ymin>
			<xmax>482</xmax>
			<ymax>377</ymax>
		</bndbox>
	</object>
	<object>
		<name>Value</name>
		<pose>Unspecified</pose>
		<truncated>Unspecified</truncated>
		<difficult>Unspecified</difficult>
		<bndbox>
			<xmin>313</xmin>
			<ymin>124</ymin>
			<xmax>347</xmax>
			<ymax>151</ymax>
		</bndbox>
	</object>
	<object>
		<name>Value</name>
		<pose>Unspecified</pose>
		<truncated>Unspecified</truncated>
		<difficult>Unspecified</difficult>
		<bndbox>
			<xmin>376</xmin>
			<ymin>160</ymin>
			<xmax>412</xmax>
			<ymax>186</ymax>
		</bndbox>
	</object>
	<object>
		<name>Value</name>
		<pose>Unspecified</pose>
		<truncated>Unspecified</truncated>
		<difficult>Unspecified</difficult>
		<bndbox>
			<xmin>348</xmin>
			<ymin>136</ymin>
			<xmax>384</xmax>
			<ymax>162</ymax>
		</bndbox>
	</object>
	<object>
		<name>Value</name>
		<pose>Unspecified</pose>
		<truncated>Unspecified</truncated>
		<difficult>Unspecified</difficult>
		<bndbox>
			<xmin>273</xmin>
			<ymin>133</ymin>
			<xmax>309</xmax>
			<ymax>159</ymax>
		</bndbox>
	</object>
	<object>
		<name>Value</name>
		<pose>Unspecified</pose>
		<truncated>Unspecified</truncated>
		<difficult>Unspecified</difficult>
		<bndbox>
			<xmin>292</xmin>
			<ymin>150</ymin>
			<xmax>293</xmax>
			<ymax>151</ymax>
		</bndbox>
	</object>
	<object>
		<name>Value</name>
		<pose>Unspecified</pose>
		<truncated>Unspecified</truncated>
		<difficult>Unspecified</difficult>
		<bndbox>
			<xmin>391</xmin>
			<ymin>191</ymin>
			<xmax>426</xmax>
			<ymax>219</ymax>
		</bndbox>
	</object>
	<object>
		<name>Value</name>
		<pose>Unspecified</pose>
		<truncated>Unspecified</truncated>
		<difficult>Unspecified</difficult>
		<bndbox>
			<xmin>393</xmin>
			<ymin>231</ymin>
			<xmax>426</xmax>
			<ymax>257</ymax>
		</bndbox>
	</object>
	<object>
		<name>Value</name>
		<pose>Unspecified</pose>
		<truncated>Unspecified</truncated>
		<difficult>Unspecified</difficult>
		<bndbox>
			<xmin>362</xmin>
			<ymin>260</ymin>
			<xmax>411</xmax>
			<ymax>288</ymax>
		</bndbox>
	</object>
	<object>
		<name>Value</name>
		<pose>Unspecified</pose>
		<truncated>Unspecified</truncated>
		<difficult>Unspecified</difficult>
		<bndbox>
			<xmin>330</xmin>
			<ymin>285</ymin>
			<xmax>379</xmax>
			<ymax>313</ymax>
		</bndbox>
	</object>
	<object>
		<name>Value</name>
		<pose>Unspecified</pose>
		<truncated>Unspecified</truncated>
		<difficult>Unspecified</difficult>
		<bndbox>
			<xmin>253</xmin>
			<ymin>280</ymin>
			<xmax>299</xmax>
			<ymax>306</ymax>
		</bndbox>
	</object>
	<object>
		<name>Value</name>
		<pose>Unspecified</pose>
		<truncated>Unspecified</truncated>
		<difficult>Unspecified</difficult>
		<bndbox>
			<xmin>237</xmin>
			<ymin>258</ymin>
			<xmax>257</xmax>
			<ymax>285</ymax>
		</bndbox>
	</object>
	<object>
		<name>Value</name>
		<pose>Unspecified</pose>
		<truncated>Unspecified</truncated>
		<difficult>Unspecified</difficult>
		<bndbox>
			<xmin>222</xmin>
			<ymin>222</ymin>
			<xmax>256</xmax>
			<ymax>250</ymax>
		</bndbox>
	</object>
	<object>
		<name>Value</name>
		<pose>Unspecified</pose>
		<truncated>Unspecified</truncated>
		<difficult>Unspecified</difficult>
		<bndbox>
			<xmin>227</xmin>
			<ymin>185</ymin>
			<xmax>264</xmax>
			<ymax>212</ymax>
		</bndbox>
	</object>
	<object>
		<name>Value</name>
		<pose>Unspecified</pose>
		<truncated>Unspecified</truncated>
		<difficult>Unspecified</difficult>
		<bndbox>
			<xmin>244</xmin>
			<ymin>156</ymin>
			<xmax>280</xmax>
			<ymax>183</ymax>
		</bndbox>
	</object>
</annotation>