<annotation>
	<folder>my-project-name</folder>
	<filename>circle1-91.jpg</filename>
	<path>/my-project-name/circle1-91.jpg</path>
	<source>
		<database>Unspecified</database>
	</source>
	<size>
		<width>800</width>
		<height>800</height>
		<depth>3</depth>
	</size>
	<object>
		<name>Analog_Circular_Ammeter</name>
		<pose>Unspecified</pose>
		<truncated>Unspecified</truncated>
		<difficult>Unspecified</difficult>
		<bndbox>
			<xmin>175</xmin>
			<ymin>36</ymin>
			<xmax>451</xmax>
			<ymax>322</ymax>
		</bndbox>
	</object>
	<object>
		<name>Value</name>
		<pose>Unspecified</pose>
		<truncated>Unspecified</truncated>
		<difficult>Unspecified</difficult>
		<bndbox>
			<xmin>301</xmin>
			<ymin>103</ymin>
			<xmax>328</xmax>
			<ymax>125</ymax>
		</bndbox>
	</object>
	<object>
		<name>Value</name>
		<pose>Unspecified</pose>
		<truncated>Unspecified</truncated>
		<difficult>Unspecified</difficult>
		<bndbox>
			<xmin>350</xmin>
			<ymin>128</ymin>
			<xmax>376</xmax>
			<ymax>152</ymax>
		</bndbox>
	</object>
	<object>
		<name>Value</name>
		<pose>Unspecified</pose>
		<truncated>Unspecified</truncated>
		<difficult>Unspecified</difficult>
		<bndbox>
			<xmin>357</xmin>
			<ymin>179</ymin>
			<xmax>391</xmax>
			<ymax>204</ymax>
		</bndbox>
	</object>
	<object>
		<name>Value</name>
		<pose>Unspecified</pose>
		<truncated>Unspecified</truncated>
		<difficult>Unspecified</difficult>
		<bndbox>
			<xmin>326</xmin>
			<ymin>225</ymin>
			<xmax>361</xmax>
			<ymax>249</ymax>
		</bndbox>
	</object>
	<object>
		<name>Value</name>
		<pose>Unspecified</pose>
		<truncated>Unspecified</truncated>
		<difficult>Unspecified</difficult>
		<bndbox>
			<xmin>267</xmin>
			<ymin>226</ymin>
			<xmax>285</xmax>
			<ymax>250</ymax>
		</bndbox>
	</object>
	<object>
		<name>Value</name>
		<pose>Unspecified</pose>
		<truncated>Unspecified</truncated>
		<difficult>Unspecified</difficult>
		<bndbox>
			<xmin>233</xmin>
			<ymin>179</ymin>
			<xmax>260</xmax>
			<ymax>202</ymax>
		</bndbox>
	</object>
	<object>
		<name>Value</name>
		<pose>Unspecified</pose>
		<truncated>Unspecified</truncated>
		<difficult>Unspecified</difficult>
		<bndbox>
			<xmin>250</xmin>
			<ymin>121</ymin>
			<xmax>278</xmax>
			<ymax>148</ymax>
		</bndbox>
	</object>
</annotation>