<annotation>
	<folder>JPEGImages</folder>
	<filename>circle1-50.jpg</filename>
	<path>C:\Users\tunah\Desktop\amalog_ammeter_dataset_20211019\JPEGImages\circle1-50.jpg</path>
	<source>
		<database>Unknown</database>
	</source>
	<size>
		<width>500</width>
		<height>500</height>
		<depth>3</depth>
	</size>
	<segmented>0</segmented>
	<object>
		<name>Analog_Circular_Ammeter</name>
		<pose>Unspecified</pose>
		<truncated>0</truncated>
		<difficult>0</difficult>
		<bndbox>
			<xmin>63</xmin>
			<ymin>10</ymin>
			<xmax>453</xmax>
			<ymax>387</ymax>
		</bndbox>
	</object>
	<object>
		<name>Value</name>
		<pose>Unspecified</pose>
		<truncated>0</truncated>
		<difficult>0</difficult>
		<bndbox>
			<xmin>275</xmin>
			<ymin>103</ymin>
			<xmax>302</xmax>
			<ymax>133</ymax>
		</bndbox>
	</object>
	<object>
		<name>Value</name>
		<pose>Unspecified</pose>
		<truncated>0</truncated>
		<difficult>0</difficult>
		<bndbox>
			<xmin>308</xmin>
			<ymin>133</ymin>
			<xmax>334</xmax>
			<ymax>161</ymax>
		</bndbox>
	</object>
	<object>
		<name>Value</name>
		<pose>Unspecified</pose>
		<truncated>0</truncated>
		<difficult>0</difficult>
		<bndbox>
			<xmin>326</xmin>
			<ymin>172</ymin>
			<xmax>352</xmax>
			<ymax>203</ymax>
		</bndbox>
	</object>
	<object>
		<name>Value</name>
		<pose>Unspecified</pose>
		<truncated>0</truncated>
		<difficult>0</difficult>
		<bndbox>
			<xmin>323</xmin>
			<ymin>216</ymin>
			<xmax>349</xmax>
			<ymax>246</ymax>
		</bndbox>
	</object>
	<object>
		<name>Value</name>
		<pose>Unspecified</pose>
		<truncated>0</truncated>
		<difficult>0</difficult>
		<bndbox>
			<xmin>296</xmin>
			<ymin>254</ymin>
			<xmax>327</xmax>
			<ymax>282</ymax>
		</bndbox>
	</object>
	<object>
		<name>Value</name>
		<pose>Unspecified</pose>
		<truncated>0</truncated>
		<difficult>0</difficult>
		<bndbox>
			<xmin>155</xmin>
			<ymin>220</ymin>
			<xmax>176</xmax>
			<ymax>247</ymax>
		</bndbox>
	</object>
	<object>
		<name>Value</name>
		<pose>Unspecified</pose>
		<truncated>0</truncated>
		<difficult>0</difficult>
		<bndbox>
			<xmin>152</xmin>
			<ymin>174</ymin>
			<xmax>177</xmax>
			<ymax>201</ymax>
		</bndbox>
	</object>
	<object>
		<name>Value</name>
		<pose>Unspecified</pose>
		<truncated>0</truncated>
		<difficult>0</difficult>
		<bndbox>
			<xmin>170</xmin>
			<ymin>133</ymin>
			<xmax>193</xmax>
			<ymax>161</ymax>
		</bndbox>
	</object>
	<object>
		<name>Value</name>
		<pose>Unspecified</pose>
		<truncated>0</truncated>
		<difficult>0</difficult>
		<bndbox>
			<xmin>197</xmin>
			<ymin>106</ymin>
			<xmax>223</xmax>
			<ymax>133</ymax>
		</bndbox>
	</object>
	<object>
		<name>Value</name>
		<pose>Unspecified</pose>
		<truncated>0</truncated>
		<difficult>0</difficult>
		<bndbox>
			<xmin>236</xmin>
			<ymin>92</ymin>
			<xmax>261</xmax>
			<ymax>119</ymax>
		</bndbox>
	</object>
</annotation>
