<annotation>
	<folder>my-project-name</folder>
	<filename>circle1-88.jpg</filename>
	<path>/my-project-name/circle1-88.jpg</path>
	<source>
		<database>Unspecified</database>
	</source>
	<size>
		<width>1607</width>
		<height>777</height>
		<depth>3</depth>
	</size>
	<object>
		<name>Analog_Circular_Ammeter</name>
		<pose>Unspecified</pose>
		<truncated>Unspecified</truncated>
		<difficult>Unspecified</difficult>
		<bndbox>
			<xmin>0</xmin>
			<ymin>28</ymin>
			<xmax>481</xmax>
			<ymax>532</ymax>
		</bndbox>
	</object>
	<object>
		<name>Analog_Circular_Ammeter</name>
		<pose>Unspecified</pose>
		<truncated>Unspecified</truncated>
		<difficult>Unspecified</difficult>
		<bndbox>
			<xmin>520</xmin>
			<ymin>48</ymin>
			<xmax>1029</xmax>
			<ymax>558</ymax>
		</bndbox>
	</object>
	<object>
		<name>Analog_Circular_Ammeter</name>
		<pose>Unspecified</pose>
		<truncated>Unspecified</truncated>
		<difficult>Unspecified</difficult>
		<bndbox>
			<xmin>1072</xmin>
			<ymin>44</ymin>
			<xmax>1607</xmax>
			<ymax>579</ymax>
		</bndbox>
	</object>
	<object>
		<name>Value</name>
		<pose>Unspecified</pose>
		<truncated>Unspecified</truncated>
		<difficult>Unspecified</difficult>
		<bndbox>
			<xmin>195</xmin>
			<ymin>115</ymin>
			<xmax>218</xmax>
			<ymax>145</ymax>
		</bndbox>
	</object>
	<object>
		<name>Value</name>
		<pose>Unspecified</pose>
		<truncated>Unspecified</truncated>
		<difficult>Unspecified</difficult>
		<bndbox>
			<xmin>302</xmin>
			<ymin>111</ymin>
			<xmax>329</xmax>
			<ymax>139</ymax>
		</bndbox>
	</object>
	<object>
		<name>Value</name>
		<pose>Unspecified</pose>
		<truncated>Unspecified</truncated>
		<difficult>Unspecified</difficult>
		<bndbox>
			<xmin>107</xmin>
			<ymin>188</ymin>
			<xmax>136</xmax>
			<ymax>214</ymax>
		</bndbox>
	</object>
	<object>
		<name>Value</name>
		<pose>Unspecified</pose>
		<truncated>Unspecified</truncated>
		<difficult>Unspecified</difficult>
		<bndbox>
			<xmin>78</xmin>
			<ymin>295</ymin>
			<xmax>103</xmax>
			<ymax>321</ymax>
		</bndbox>
	</object>
	<object>
		<name>Value</name>
		<pose>Unspecified</pose>
		<truncated>Unspecified</truncated>
		<difficult>Unspecified</difficult>
		<bndbox>
			<xmin>390</xmin>
			<ymin>173</ymin>
			<xmax>423</xmax>
			<ymax>208</ymax>
		</bndbox>
	</object>
	<object>
		<name>Value</name>
		<pose>Unspecified</pose>
		<truncated>Unspecified</truncated>
		<difficult>Unspecified</difficult>
		<bndbox>
			<xmin>423</xmin>
			<ymin>277</ymin>
			<xmax>446</xmax>
			<ymax>313</ymax>
		</bndbox>
	</object>
	<object>
		<name>Value</name>
		<pose>Unspecified</pose>
		<truncated>Unspecified</truncated>
		<difficult>Unspecified</difficult>
		<bndbox>
			<xmin>366</xmin>
			<ymin>374</ymin>
			<xmax>405</xmax>
			<ymax>413</ymax>
		</bndbox>
	</object>
	<object>
		<name>Value</name>
		<pose>Unspecified</pose>
		<truncated>Unspecified</truncated>
		<difficult>Unspecified</difficult>
		<bndbox>
			<xmin>304</xmin>
			<ymin>321</ymin>
			<xmax>342</xmax>
			<ymax>362</ymax>
		</bndbox>
	</object>
	<object>
		<name>Value</name>
		<pose>Unspecified</pose>
		<truncated>Unspecified</truncated>
		<difficult>Unspecified</difficult>
		<bndbox>
			<xmin>348</xmin>
			<ymin>249</ymin>
			<xmax>373</xmax>
			<ymax>289</ymax>
		</bndbox>
	</object>
	<object>
		<name>Value</name>
		<pose>Unspecified</pose>
		<truncated>Unspecified</truncated>
		<difficult>Unspecified</difficult>
		<bndbox>
			<xmin>304</xmin>
			<ymin>185</ymin>
			<xmax>327</xmax>
			<ymax>225</ymax>
		</bndbox>
	</object>
	<object>
		<name>Value</name>
		<pose>Unspecified</pose>
		<truncated>Unspecified</truncated>
		<difficult>Unspecified</difficult>
		<bndbox>
			<xmin>209</xmin>
			<ymin>187</ymin>
			<xmax>238</xmax>
			<ymax>222</ymax>
		</bndbox>
	</object>
	<object>
		<name>Value</name>
		<pose>Unspecified</pose>
		<truncated>Unspecified</truncated>
		<difficult>Unspecified</difficult>
		<bndbox>
			<xmin>151</xmin>
			<ymin>249</ymin>
			<xmax>177</xmax>
			<ymax>287</ymax>
		</bndbox>
	</object>
	<object>
		<name>Value</name>
		<pose>Unspecified</pose>
		<truncated>Unspecified</truncated>
		<difficult>Unspecified</difficult>
		<bndbox>
			<xmin>702</xmin>
			<ymin>131</ymin>
			<xmax>737</xmax>
			<ymax>165</ymax>
		</bndbox>
	</object>
	<object>
		<name>Value</name>
		<pose>Unspecified</pose>
		<truncated>Unspecified</truncated>
		<difficult>Unspecified</difficult>
		<bndbox>
			<xmin>617</xmin>
			<ymin>199</ymin>
			<xmax>649</xmax>
			<ymax>237</ymax>
		</bndbox>
	</object>
	<object>
		<name>Value</name>
		<pose>Unspecified</pose>
		<truncated>Unspecified</truncated>
		<difficult>Unspecified</difficult>
		<bndbox>
			<xmin>594</xmin>
			<ymin>304</ymin>
			<xmax>622</xmax>
			<ymax>347</ymax>
		</bndbox>
	</object>
	<object>
		<name>Value</name>
		<pose>Unspecified</pose>
		<truncated>Unspecified</truncated>
		<difficult>Unspecified</difficult>
		<bndbox>
			<xmin>669</xmin>
			<ymin>269</ymin>
			<xmax>706</xmax>
			<ymax>307</ymax>
		</bndbox>
	</object>
	<object>
		<name>Value</name>
		<pose>Unspecified</pose>
		<truncated>Unspecified</truncated>
		<difficult>Unspecified</difficult>
		<bndbox>
			<xmin>721</xmin>
			<ymin>208</ymin>
			<xmax>761</xmax>
			<ymax>246</ymax>
		</bndbox>
	</object>
	<object>
		<name>Value</name>
		<pose>Unspecified</pose>
		<truncated>Unspecified</truncated>
		<difficult>Unspecified</difficult>
		<bndbox>
			<xmin>804</xmin>
			<ymin>209</ymin>
			<xmax>845</xmax>
			<ymax>247</ymax>
		</bndbox>
	</object>
	<object>
		<name>Value</name>
		<pose>Unspecified</pose>
		<truncated>Unspecified</truncated>
		<difficult>Unspecified</difficult>
		<bndbox>
			<xmin>851</xmin>
			<ymin>274</ymin>
			<xmax>887</xmax>
			<ymax>309</ymax>
		</bndbox>
	</object>
	<object>
		<name>Value</name>
		<pose>Unspecified</pose>
		<truncated>Unspecified</truncated>
		<difficult>Unspecified</difficult>
		<bndbox>
			<xmin>820</xmin>
			<ymin>343</ymin>
			<xmax>870</xmax>
			<ymax>386</ymax>
		</bndbox>
	</object>
	<object>
		<name>Value</name>
		<pose>Unspecified</pose>
		<truncated>Unspecified</truncated>
		<difficult>Unspecified</difficult>
		<bndbox>
			<xmin>810</xmin>
			<ymin>129</ymin>
			<xmax>850</xmax>
			<ymax>161</ymax>
		</bndbox>
	</object>
	<object>
		<name>Value</name>
		<pose>Unspecified</pose>
		<truncated>Unspecified</truncated>
		<difficult>Unspecified</difficult>
		<bndbox>
			<xmin>899</xmin>
			<ymin>187</ymin>
			<xmax>941</xmax>
			<ymax>232</ymax>
		</bndbox>
	</object>
	<object>
		<name>Value</name>
		<pose>Unspecified</pose>
		<truncated>Unspecified</truncated>
		<difficult>Unspecified</difficult>
		<bndbox>
			<xmin>935</xmin>
			<ymin>290</ymin>
			<xmax>966</xmax>
			<ymax>341</ymax>
		</bndbox>
	</object>
	<object>
		<name>Value</name>
		<pose>Unspecified</pose>
		<truncated>Unspecified</truncated>
		<difficult>Unspecified</difficult>
		<bndbox>
			<xmin>885</xmin>
			<ymin>396</ymin>
			<xmax>927</xmax>
			<ymax>441</ymax>
		</bndbox>
	</object>
	<object>
		<name>Value</name>
		<pose>Unspecified</pose>
		<truncated>Unspecified</truncated>
		<difficult>Unspecified</difficult>
		<bndbox>
			<xmin>688</xmin>
			<ymin>339</ymin>
			<xmax>715</xmax>
			<ymax>375</ymax>
		</bndbox>
	</object>
	<object>
		<name>Value</name>
		<pose>Unspecified</pose>
		<truncated>Unspecified</truncated>
		<difficult>Unspecified</difficult>
		<bndbox>
			<xmin>1248</xmin>
			<ymin>136</ymin>
			<xmax>1285</xmax>
			<ymax>168</ymax>
		</bndbox>
	</object>
	<object>
		<name>Value</name>
		<pose>Unspecified</pose>
		<truncated>Unspecified</truncated>
		<difficult>Unspecified</difficult>
		<bndbox>
			<xmin>1364</xmin>
			<ymin>132</ymin>
			<xmax>1402</xmax>
			<ymax>163</ymax>
		</bndbox>
	</object>
	<object>
		<name>Value</name>
		<pose>Unspecified</pose>
		<truncated>Unspecified</truncated>
		<difficult>Unspecified</difficult>
		<bndbox>
			<xmin>1159</xmin>
			<ymin>205</ymin>
			<xmax>1201</xmax>
			<ymax>244</ymax>
		</bndbox>
	</object>
	<object>
		<name>Value</name>
		<pose>Unspecified</pose>
		<truncated>Unspecified</truncated>
		<difficult>Unspecified</difficult>
		<bndbox>
			<xmin>1142</xmin>
			<ymin>311</ymin>
			<xmax>1175</xmax>
			<ymax>351</ymax>
		</bndbox>
	</object>
	<object>
		<name>Value</name>
		<pose>Unspecified</pose>
		<truncated>Unspecified</truncated>
		<difficult>Unspecified</difficult>
		<bndbox>
			<xmin>1184</xmin>
			<ymin>408</ymin>
			<xmax>1210</xmax>
			<ymax>431</ymax>
		</bndbox>
	</object>
	<object>
		<name>Value</name>
		<pose>Unspecified</pose>
		<truncated>Unspecified</truncated>
		<difficult>Unspecified</difficult>
		<bndbox>
			<xmin>1244</xmin>
			<ymin>345</ymin>
			<xmax>1268</xmax>
			<ymax>382</ymax>
		</bndbox>
	</object>
	<object>
		<name>Value</name>
		<pose>Unspecified</pose>
		<truncated>Unspecified</truncated>
		<difficult>Unspecified</difficult>
		<bndbox>
			<xmin>1223</xmin>
			<ymin>276</ymin>
			<xmax>1262</xmax>
			<ymax>315</ymax>
		</bndbox>
	</object>
	<object>
		<name>Value</name>
		<pose>Unspecified</pose>
		<truncated>Unspecified</truncated>
		<difficult>Unspecified</difficult>
		<bndbox>
			<xmin>1269</xmin>
			<ymin>216</ymin>
			<xmax>1309</xmax>
			<ymax>254</ymax>
		</bndbox>
	</object>
	<object>
		<name>Value</name>
		<pose>Unspecified</pose>
		<truncated>Unspecified</truncated>
		<difficult>Unspecified</difficult>
		<bndbox>
			<xmin>1358</xmin>
			<ymin>216</ymin>
			<xmax>1399</xmax>
			<ymax>254</ymax>
		</bndbox>
	</object>
	<object>
		<name>Value</name>
		<pose>Unspecified</pose>
		<truncated>Unspecified</truncated>
		<difficult>Unspecified</difficult>
		<bndbox>
			<xmin>1455</xmin>
			<ymin>197</ymin>
			<xmax>1489</xmax>
			<ymax>239</ymax>
		</bndbox>
	</object>
	<object>
		<name>Value</name>
		<pose>Unspecified</pose>
		<truncated>Unspecified</truncated>
		<difficult>Unspecified</difficult>
		<bndbox>
			<xmin>1498</xmin>
			<ymin>304</ymin>
			<xmax>1531</xmax>
			<ymax>343</ymax>
		</bndbox>
	</object>
	<object>
		<name>Value</name>
		<pose>Unspecified</pose>
		<truncated>Unspecified</truncated>
		<difficult>Unspecified</difficult>
		<bndbox>
			<xmin>1411</xmin>
			<ymin>278</ymin>
			<xmax>1453</xmax>
			<ymax>317</ymax>
		</bndbox>
	</object>
	<object>
		<name>Value</name>
		<pose>Unspecified</pose>
		<truncated>Unspecified</truncated>
		<difficult>Unspecified</difficult>
		<bndbox>
			<xmin>1391</xmin>
			<ymin>355</ymin>
			<xmax>1434</xmax>
			<ymax>395</ymax>
		</bndbox>
	</object>
	<object>
		<name>Value</name>
		<pose>Unspecified</pose>
		<truncated>Unspecified</truncated>
		<difficult>Unspecified</difficult>
		<bndbox>
			<xmin>1457</xmin>
			<ymin>410</ymin>
			<xmax>1495</xmax>
			<ymax>449</ymax>
		</bndbox>
	</object>
</annotation>