<annotation>
	<folder>my-project-name</folder>
	<filename>circle1-84.jpg</filename>
	<path>/my-project-name/circle1-84.jpg</path>
	<source>
		<database>Unspecified</database>
	</source>
	<size>
		<width>439</width>
		<height>600</height>
		<depth>3</depth>
	</size>
	<object>
		<name>Analog_Circular_Ammeter</name>
		<pose>Unspecified</pose>
		<truncated>Unspecified</truncated>
		<difficult>Unspecified</difficult>
		<bndbox>
			<xmin>81</xmin>
			<ymin>28</ymin>
			<xmax>289</xmax>
			<ymax>242</ymax>
		</bndbox>
	</object>
	<object>
		<name>Value</name>
		<pose>Unspecified</pose>
		<truncated>Unspecified</truncated>
		<difficult>Unspecified</difficult>
		<bndbox>
			<xmin>144</xmin>
			<ymin>80</ymin>
			<xmax>173</xmax>
			<ymax>99</ymax>
		</bndbox>
	</object>
	<object>
		<name>Value</name>
		<pose>Unspecified</pose>
		<truncated>Unspecified</truncated>
		<difficult>Unspecified</difficult>
		<bndbox>
			<xmin>197</xmin>
			<ymin>79</ymin>
			<xmax>227</xmax>
			<ymax>101</ymax>
		</bndbox>
	</object>
	<object>
		<name>Value</name>
		<pose>Unspecified</pose>
		<truncated>Unspecified</truncated>
		<difficult>Unspecified</difficult>
		<bndbox>
			<xmin>218</xmin>
			<ymin>118</ymin>
			<xmax>250</xmax>
			<ymax>141</ymax>
		</bndbox>
	</object>
	<object>
		<name>Value</name>
		<pose>Unspecified</pose>
		<truncated>Unspecified</truncated>
		<difficult>Unspecified</difficult>
		<bndbox>
			<xmin>220</xmin>
			<ymin>161</ymin>
			<xmax>237</xmax>
			<ymax>182</ymax>
		</bndbox>
	</object>
	<object>
		<name>Value</name>
		<pose>Unspecified</pose>
		<truncated>Unspecified</truncated>
		<difficult>Unspecified</difficult>
		<bndbox>
			<xmin>137</xmin>
			<ymin>165</ymin>
			<xmax>160</xmax>
			<ymax>188</ymax>
		</bndbox>
	</object>
	<object>
		<name>Value</name>
		<pose>Unspecified</pose>
		<truncated>Unspecified</truncated>
		<difficult>Unspecified</difficult>
		<bndbox>
			<xmin>119</xmin>
			<ymin>117</ymin>
			<xmax>150</xmax>
			<ymax>139</ymax>
		</bndbox>
	</object>
</annotation>