<annotation>
	<folder>JPEGImages</folder>
	<filename>circle1-37.jpg</filename>
	<path>C:\Users\tunah\Desktop\amalog_ammeter_dataset_20211019\JPEGImages\circle1-37.jpg</path>
	<source>
		<database>Unknown</database>
	</source>
	<size>
		<width>450</width>
		<height>768</height>
		<depth>3</depth>
	</size>
	<segmented>0</segmented>
	<object>
		<name>Analog_Circular_Ammeter</name>
		<pose>Unspecified</pose>
		<truncated>0</truncated>
		<difficult>0</difficult>
		<bndbox>
			<xmin>12</xmin>
			<ymin>102</ymin>
			<xmax>361</xmax>
			<ymax>454</ymax>
		</bndbox>
	</object>
	<object>
		<name>Value</name>
		<pose>Unspecified</pose>
		<truncated>0</truncated>
		<difficult>0</difficult>
		<bndbox>
			<xmin>168</xmin>
			<ymin>189</ymin>
			<xmax>200</xmax>
			<ymax>214</ymax>
		</bndbox>
	</object>
	<object>
		<name>Value</name>
		<pose>Unspecified</pose>
		<truncated>0</truncated>
		<difficult>0</difficult>
		<bndbox>
			<xmin>220</xmin>
			<ymin>210</ymin>
			<xmax>251</xmax>
			<ymax>237</ymax>
		</bndbox>
	</object>
	<object>
		<name>Value</name>
		<pose>Unspecified</pose>
		<truncated>0</truncated>
		<difficult>0</difficult>
		<bndbox>
			<xmin>233</xmin>
			<ymin>263</ymin>
			<xmax>276</xmax>
			<ymax>289</ymax>
		</bndbox>
	</object>
	<object>
		<name>Value</name>
		<pose>Unspecified</pose>
		<truncated>0</truncated>
		<difficult>0</difficult>
		<bndbox>
			<xmin>213</xmin>
			<ymin>314</ymin>
			<xmax>256</xmax>
			<ymax>342</ymax>
		</bndbox>
	</object>
	<object>
		<name>Value</name>
		<pose>Unspecified</pose>
		<truncated>0</truncated>
		<difficult>0</difficult>
		<bndbox>
			<xmin>126</xmin>
			<ymin>323</ymin>
			<xmax>146</xmax>
			<ymax>349</ymax>
		</bndbox>
	</object>
	<object>
		<name>Value</name>
		<pose>Unspecified</pose>
		<truncated>0</truncated>
		<difficult>0</difficult>
		<bndbox>
			<xmin>97</xmin>
			<ymin>271</ymin>
			<xmax>130</xmax>
			<ymax>297</ymax>
		</bndbox>
	</object>
	<object>
		<name>Value</name>
		<pose>Unspecified</pose>
		<truncated>0</truncated>
		<difficult>0</difficult>
		<bndbox>
			<xmin>116</xmin>
			<ymin>216</ymin>
			<xmax>148</xmax>
			<ymax>241</ymax>
		</bndbox>
	</object>
</annotation>
