<annotation>
	<folder>my-project-name</folder>
	<filename>circle1-93.jpg</filename>
	<path>/my-project-name/circle1-93.jpg</path>
	<source>
		<database>Unspecified</database>
	</source>
	<size>
		<width>800</width>
		<height>800</height>
		<depth>3</depth>
	</size>
	<object>
		<name>Analog_Circular_Ammeter</name>
		<pose>Unspecified</pose>
		<truncated>Unspecified</truncated>
		<difficult>Unspecified</difficult>
		<bndbox>
			<xmin>216</xmin>
			<ymin>273</ymin>
			<xmax>578</xmax>
			<ymax>640</ymax>
		</bndbox>
	</object>
	<object>
		<name>Value</name>
		<pose>Unspecified</pose>
		<truncated>Unspecified</truncated>
		<difficult>Unspecified</difficult>
		<bndbox>
			<xmin>380</xmin>
			<ymin>356</ymin>
			<xmax>424</xmax>
			<ymax>392</ymax>
		</bndbox>
	</object>
	<object>
		<name>Value</name>
		<pose>Unspecified</pose>
		<truncated>Unspecified</truncated>
		<difficult>Unspecified</difficult>
		<bndbox>
			<xmin>315</xmin>
			<ymin>383</ymin>
			<xmax>357</xmax>
			<ymax>420</ymax>
		</bndbox>
	</object>
	<object>
		<name>Value</name>
		<pose>Unspecified</pose>
		<truncated>Unspecified</truncated>
		<difficult>Unspecified</difficult>
		<bndbox>
			<xmin>441</xmin>
			<ymin>398</ymin>
			<xmax>483</xmax>
			<ymax>434</ymax>
		</bndbox>
	</object>
	<object>
		<name>Value</name>
		<pose>Unspecified</pose>
		<truncated>Unspecified</truncated>
		<difficult>Unspecified</difficult>
		<bndbox>
			<xmin>446</xmin>
			<ymin>468</ymin>
			<xmax>493</xmax>
			<ymax>507</ymax>
		</bndbox>
	</object>
	<object>
		<name>Value</name>
		<pose>Unspecified</pose>
		<truncated>Unspecified</truncated>
		<difficult>Unspecified</difficult>
		<bndbox>
			<xmin>300</xmin>
			<ymin>458</ymin>
			<xmax>344</xmax>
			<ymax>490</ymax>
		</bndbox>
	</object>
	<object>
		<name>Value</name>
		<pose>Unspecified</pose>
		<truncated>Unspecified</truncated>
		<difficult>Unspecified</difficult>
		<bndbox>
			<xmin>350</xmin>
			<ymin>519</ymin>
			<xmax>373</xmax>
			<ymax>546</ymax>
		</bndbox>
	</object>
</annotation>