<annotation>
	<folder>my-project-name</folder>
	<filename>circle1-99.jpg</filename>
	<path>/my-project-name/circle1-99.jpg</path>
	<source>
		<database>Unspecified</database>
	</source>
	<size>
		<width>594</width>
		<height>828</height>
		<depth>3</depth>
	</size>
	<object>
		<name>Analog_Circular_Ammeter</name>
		<pose>Unspecified</pose>
		<truncated>Unspecified</truncated>
		<difficult>Unspecified</difficult>
		<bndbox>
			<xmin>127</xmin>
			<ymin>14</ymin>
			<xmax>516</xmax>
			<ymax>397</ymax>
		</bndbox>
	</object>
	<object>
		<name>Value</name>
		<pose>Unspecified</pose>
		<truncated>Unspecified</truncated>
		<difficult>Unspecified</difficult>
		<bndbox>
			<xmin>323</xmin>
			<ymin>89</ymin>
			<xmax>354</xmax>
			<ymax>118</ymax>
		</bndbox>
	</object>
	<object>
		<name>Value</name>
		<pose>Unspecified</pose>
		<truncated>Unspecified</truncated>
		<difficult>Unspecified</difficult>
		<bndbox>
			<xmin>253</xmin>
			<ymin>102</ymin>
			<xmax>286</xmax>
			<ymax>129</ymax>
		</bndbox>
	</object>
	<object>
		<name>Value</name>
		<pose>Unspecified</pose>
		<truncated>Unspecified</truncated>
		<difficult>Unspecified</difficult>
		<bndbox>
			<xmin>208</xmin>
			<ymin>152</ymin>
			<xmax>241</xmax>
			<ymax>181</ymax>
		</bndbox>
	</object>
	<object>
		<name>Value</name>
		<pose>Unspecified</pose>
		<truncated>Unspecified</truncated>
		<difficult>Unspecified</difficult>
		<bndbox>
			<xmin>205</xmin>
			<ymin>217</ymin>
			<xmax>225</xmax>
			<ymax>246</ymax>
		</bndbox>
	</object>
	<object>
		<name>Value</name>
		<pose>Unspecified</pose>
		<truncated>Unspecified</truncated>
		<difficult>Unspecified</difficult>
		<bndbox>
			<xmin>227</xmin>
			<ymin>267</ymin>
			<xmax>276</xmax>
			<ymax>298</ymax>
		</bndbox>
	</object>
	<object>
		<name>Value</name>
		<pose>Unspecified</pose>
		<truncated>Unspecified</truncated>
		<difficult>Unspecified</difficult>
		<bndbox>
			<xmin>367</xmin>
			<ymin>263</ymin>
			<xmax>411</xmax>
			<ymax>293</ymax>
		</bndbox>
	</object>
	<object>
		<name>Value</name>
		<pose>Unspecified</pose>
		<truncated>Unspecified</truncated>
		<difficult>Unspecified</difficult>
		<bndbox>
			<xmin>400</xmin>
			<ymin>198</ymin>
			<xmax>438</xmax>
			<ymax>229</ymax>
		</bndbox>
	</object>
	<object>
		<name>Value</name>
		<pose>Unspecified</pose>
		<truncated>Unspecified</truncated>
		<difficult>Unspecified</difficult>
		<bndbox>
			<xmin>382</xmin>
			<ymin>127</ymin>
			<xmax>417</xmax>
			<ymax>160</ymax>
		</bndbox>
	</object>
</annotation>