<annotation>
	<folder>my-project-name</folder>
	<filename>circle1-94.jpg</filename>
	<path>/my-project-name/circle1-94.jpg</path>
	<source>
		<database>Unspecified</database>
	</source>
	<size>
		<width>592</width>
		<height>694</height>
		<depth>3</depth>
	</size>
	<object>
		<name>Analog_Circular_Ammeter</name>
		<pose>Unspecified</pose>
		<truncated>Unspecified</truncated>
		<difficult>Unspecified</difficult>
		<bndbox>
			<xmin>48</xmin>
			<ymin>127</ymin>
			<xmax>439</xmax>
			<ymax>514</ymax>
		</bndbox>
	</object>
	<object>
		<name>Value</name>
		<pose>Unspecified</pose>
		<truncated>Unspecified</truncated>
		<difficult>Unspecified</difficult>
		<bndbox>
			<xmin>261</xmin>
			<ymin>197</ymin>
			<xmax>293</xmax>
			<ymax>226</ymax>
		</bndbox>
	</object>
	<object>
		<name>Value</name>
		<pose>Unspecified</pose>
		<truncated>Unspecified</truncated>
		<difficult>Unspecified</difficult>
		<bndbox>
			<xmin>209</xmin>
			<ymin>197</ymin>
			<xmax>238</xmax>
			<ymax>225</ymax>
		</bndbox>
	</object>
	<object>
		<name>Value</name>
		<pose>Unspecified</pose>
		<truncated>Unspecified</truncated>
		<difficult>Unspecified</difficult>
		<bndbox>
			<xmin>163</xmin>
			<ymin>218</ymin>
			<xmax>186</xmax>
			<ymax>249</ymax>
		</bndbox>
	</object>
	<object>
		<name>Value</name>
		<pose>Unspecified</pose>
		<truncated>Unspecified</truncated>
		<difficult>Unspecified</difficult>
		<bndbox>
			<xmin>304</xmin>
			<ymin>221</ymin>
			<xmax>335</xmax>
			<ymax>249</ymax>
		</bndbox>
	</object>
	<object>
		<name>Value</name>
		<pose>Unspecified</pose>
		<truncated>Unspecified</truncated>
		<difficult>Unspecified</difficult>
		<bndbox>
			<xmin>338</xmin>
			<ymin>264</ymin>
			<xmax>370</xmax>
			<ymax>293</ymax>
		</bndbox>
	</object>
	<object>
		<name>Value</name>
		<pose>Unspecified</pose>
		<truncated>Unspecified</truncated>
		<difficult>Unspecified</difficult>
		<bndbox>
			<xmin>346</xmin>
			<ymin>313</ymin>
			<xmax>380</xmax>
			<ymax>345</ymax>
		</bndbox>
	</object>
	<object>
		<name>Value</name>
		<pose>Unspecified</pose>
		<truncated>Unspecified</truncated>
		<difficult>Unspecified</difficult>
		<bndbox>
			<xmin>285</xmin>
			<ymin>407</ymin>
			<xmax>314</xmax>
			<ymax>438</ymax>
		</bndbox>
	</object>
	<object>
		<name>Value</name>
		<pose>Unspecified</pose>
		<truncated>Unspecified</truncated>
		<difficult>Unspecified</difficult>
		<bndbox>
			<xmin>182</xmin>
			<ymin>407</ymin>
			<xmax>226</xmax>
			<ymax>440</ymax>
		</bndbox>
	</object>
	<object>
		<name>Value</name>
		<pose>Unspecified</pose>
		<truncated>Unspecified</truncated>
		<difficult>Unspecified</difficult>
		<bndbox>
			<xmin>139</xmin>
			<ymin>372</ymin>
			<xmax>182</xmax>
			<ymax>405</ymax>
		</bndbox>
	</object>
	<object>
		<name>Value</name>
		<pose>Unspecified</pose>
		<truncated>Unspecified</truncated>
		<difficult>Unspecified</difficult>
		<bndbox>
			<xmin>123</xmin>
			<ymin>264</ymin>
			<xmax>165</xmax>
			<ymax>295</ymax>
		</bndbox>
	</object>
</annotation>