<annotation>
	<folder>my-project-name</folder>
	<filename>circle1-86.jpg</filename>
	<path>/my-project-name/circle1-86.jpg</path>
	<source>
		<database>Unspecified</database>
	</source>
	<size>
		<width>366</width>
		<height>328</height>
		<depth>3</depth>
	</size>
	<object>
		<name>Analog_Circular_Ammeter</name>
		<pose>Unspecified</pose>
		<truncated>Unspecified</truncated>
		<difficult>Unspecified</difficult>
		<bndbox>
			<xmin>188</xmin>
			<ymin>17</ymin>
			<xmax>359</xmax>
			<ymax>182</ymax>
		</bndbox>
	</object>
	<object>
		<name>Value</name>
		<pose>Unspecified</pose>
		<truncated>Unspecified</truncated>
		<difficult>Unspecified</difficult>
		<bndbox>
			<xmin>249</xmin>
			<ymin>49</ymin>
			<xmax>264</xmax>
			<ymax>68</ymax>
		</bndbox>
	</object>
	<object>
		<name>Value</name>
		<pose>Unspecified</pose>
		<truncated>Unspecified</truncated>
		<difficult>Unspecified</difficult>
		<bndbox>
			<xmin>290</xmin>
			<ymin>50</ymin>
			<xmax>302</xmax>
			<ymax>68</ymax>
		</bndbox>
	</object>
	<object>
		<name>Value</name>
		<pose>Unspecified</pose>
		<truncated>Unspecified</truncated>
		<difficult>Unspecified</difficult>
		<bndbox>
			<xmin>313</xmin>
			<ymin>82</ymin>
			<xmax>326</xmax>
			<ymax>99</ymax>
		</bndbox>
	</object>
	<object>
		<name>Value</name>
		<pose>Unspecified</pose>
		<truncated>Unspecified</truncated>
		<difficult>Unspecified</difficult>
		<bndbox>
			<xmin>297</xmin>
			<ymin>114</ymin>
			<xmax>314</xmax>
			<ymax>133</ymax>
		</bndbox>
	</object>
	<object>
		<name>Value</name>
		<pose>Unspecified</pose>
		<truncated>Unspecified</truncated>
		<difficult>Unspecified</difficult>
		<bndbox>
			<xmin>225</xmin>
			<ymin>78</ymin>
			<xmax>238</xmax>
			<ymax>99</ymax>
		</bndbox>
	</object>
	<object>
		<name>Value</name>
		<pose>Unspecified</pose>
		<truncated>Unspecified</truncated>
		<difficult>Unspecified</difficult>
		<bndbox>
			<xmin>240</xmin>
			<ymin>114</ymin>
			<xmax>250</xmax>
			<ymax>132</ymax>
		</bndbox>
	</object>
</annotation>