<annotation>
	<folder>my-project-name</folder>
	<filename>square-96.jpg</filename>
	<path>/my-project-name/square-96.jpg</path>
	<source>
		<database>Unspecified</database>
	</source>
	<size>
		<width>430</width>
		<height>328</height>
		<depth>3</depth>
	</size>
	<object>
		<name>Analog_Rectangle_Ammeter</name>
		<pose>Unspecified</pose>
		<truncated>Unspecified</truncated>
		<difficult>Unspecified</difficult>
		<bndbox>
			<xmin>72</xmin>
			<ymin>63</ymin>
			<xmax>252</xmax>
			<ymax>243</ymax>
		</bndbox>
	</object>
	<object>
		<name>Value</name>
		<pose>Unspecified</pose>
		<truncated>Unspecified</truncated>
		<difficult>Unspecified</difficult>
		<bndbox>
			<xmin>211</xmin>
			<ymin>87</ymin>
			<xmax>231</xmax>
			<ymax>109</ymax>
		</bndbox>
	</object>
	<object>
		<name>Value</name>
		<pose>Unspecified</pose>
		<truncated>Unspecified</truncated>
		<difficult>Unspecified</difficult>
		<bndbox>
			<xmin>177</xmin>
			<ymin>95</ymin>
			<xmax>197</xmax>
			<ymax>116</ymax>
		</bndbox>
	</object>
	<object>
		<name>Value</name>
		<pose>Unspecified</pose>
		<truncated>Unspecified</truncated>
		<difficult>Unspecified</difficult>
		<bndbox>
			<xmin>146</xmin>
			<ymin>112</ymin>
			<xmax>166</xmax>
			<ymax>134</ymax>
		</bndbox>
	</object>
	<object>
		<name>Value</name>
		<pose>Unspecified</pose>
		<truncated>Unspecified</truncated>
		<difficult>Unspecified</difficult>
		<bndbox>
			<xmin>120</xmin>
			<ymin>138</ymin>
			<xmax>139</xmax>
			<ymax>161</ymax>
		</bndbox>
	</object>
	<object>
		<name>Value</name>
		<pose>Unspecified</pose>
		<truncated>Unspecified</truncated>
		<difficult>Unspecified</difficult>
		<bndbox>
			<xmin>103</xmin>
			<ymin>172</ymin>
			<xmax>122</xmax>
			<ymax>194</ymax>
		</bndbox>
	</object>
</annotation>