<annotation>
	<folder>my-project-name</folder>
	<filename>square-81.jpg</filename>
	<path>/my-project-name/square-81.jpg</path>
	<source>
		<database>Unspecified</database>
	</source>
	<size>
		<width>716</width>
		<height>664</height>
		<depth>3</depth>
	</size>
	<object>
		<name>Analog_Rectangle_Ammeter</name>
		<pose>Unspecified</pose>
		<truncated>Unspecified</truncated>
		<difficult>Unspecified</difficult>
		<bndbox>
			<xmin>208</xmin>
			<ymin>168</ymin>
			<xmax>496</xmax>
			<ymax>464</ymax>
		</bndbox>
	</object>
	<object>
		<name>Value</name>
		<pose>Unspecified</pose>
		<truncated>Unspecified</truncated>
		<difficult>Unspecified</difficult>
		<bndbox>
			<xmin>411</xmin>
			<ymin>205</ymin>
			<xmax>462</xmax>
			<ymax>239</ymax>
		</bndbox>
	</object>
	<object>
		<name>Value</name>
		<pose>Unspecified</pose>
		<truncated>Unspecified</truncated>
		<difficult>Unspecified</difficult>
		<bndbox>
			<xmin>360</xmin>
			<ymin>221</ymin>
			<xmax>411</xmax>
			<ymax>254</ymax>
		</bndbox>
	</object>
	<object>
		<name>Value</name>
		<pose>Unspecified</pose>
		<truncated>Unspecified</truncated>
		<difficult>Unspecified</difficult>
		<bndbox>
			<xmin>306</xmin>
			<ymin>248</ymin>
			<xmax>356</xmax>
			<ymax>281</ymax>
		</bndbox>
	</object>
	<object>
		<name>Value</name>
		<pose>Unspecified</pose>
		<truncated>Unspecified</truncated>
		<difficult>Unspecified</difficult>
		<bndbox>
			<xmin>271</xmin>
			<ymin>302</ymin>
			<xmax>320</xmax>
			<ymax>340</ymax>
		</bndbox>
	</object>
	<object>
		<name>Value</name>
		<pose>Unspecified</pose>
		<truncated>Unspecified</truncated>
		<difficult>Unspecified</difficult>
		<bndbox>
			<xmin>249</xmin>
			<ymin>358</ymin>
			<xmax>298</xmax>
			<ymax>389</ymax>
		</bndbox>
	</object>
</annotation>