<annotation>
	<folder>my-project-name</folder>
	<filename>square-98.jpg</filename>
	<path>/my-project-name/square-98.jpg</path>
	<source>
		<database>Unspecified</database>
	</source>
	<size>
		<width>1305</width>
		<height>1313</height>
		<depth>3</depth>
	</size>
	<object>
		<name>Analog_Rectangle_Ammeter</name>
		<pose>Unspecified</pose>
		<truncated>Unspecified</truncated>
		<difficult>Unspecified</difficult>
		<bndbox>
			<xmin>194</xmin>
			<ymin>181</ymin>
			<xmax>1113</xmax>
			<ymax>1123</ymax>
		</bndbox>
	</object>
	<object>
		<name>Value</name>
		<pose>Unspecified</pose>
		<truncated>Unspecified</truncated>
		<difficult>Unspecified</difficult>
		<bndbox>
			<xmin>876</xmin>
			<ymin>312</ymin>
			<xmax>998</xmax>
			<ymax>398</ymax>
		</bndbox>
	</object>
	<object>
		<name>Value</name>
		<pose>Unspecified</pose>
		<truncated>Unspecified</truncated>
		<difficult>Unspecified</difficult>
		<bndbox>
			<xmin>698</xmin>
			<ymin>348</ymin>
			<xmax>800</xmax>
			<ymax>438</ymax>
		</bndbox>
	</object>
	<object>
		<name>Value</name>
		<pose>Unspecified</pose>
		<truncated>Unspecified</truncated>
		<difficult>Unspecified</difficult>
		<bndbox>
			<xmin>605</xmin>
			<ymin>396</ymin>
			<xmax>694</xmax>
			<ymax>482</ymax>
		</bndbox>
	</object>
	<object>
		<name>Value</name>
		<pose>Unspecified</pose>
		<truncated>Unspecified</truncated>
		<difficult>Unspecified</difficult>
		<bndbox>
			<xmin>483</xmin>
			<ymin>504</ymin>
			<xmax>575</xmax>
			<ymax>584</ymax>
		</bndbox>
	</object>
	<object>
		<name>Value</name>
		<pose>Unspecified</pose>
		<truncated>Unspecified</truncated>
		<difficult>Unspecified</difficult>
		<bndbox>
			<xmin>377</xmin>
			<ymin>662</ymin>
			<xmax>466</xmax>
			<ymax>747</ymax>
		</bndbox>
	</object>
	<object>
		<name>Value</name>
		<pose>Unspecified</pose>
		<truncated>Unspecified</truncated>
		<difficult>Unspecified</difficult>
		<bndbox>
			<xmin>335</xmin>
			<ymin>808</ymin>
			<xmax>429</xmax>
			<ymax>890</ymax>
		</bndbox>
	</object>
</annotation>