<annotation>
	<folder>my-project-name</folder>
	<filename>square-95.jpg</filename>
	<path>/my-project-name/square-95.jpg</path>
	<source>
		<database>Unspecified</database>
	</source>
	<size>
		<width>690</width>
		<height>518</height>
		<depth>3</depth>
	</size>
	<object>
		<name>Analog_Rectangle_Ammeter</name>
		<pose>Unspecified</pose>
		<truncated>Unspecified</truncated>
		<difficult>Unspecified</difficult>
		<bndbox>
			<xmin>415</xmin>
			<ymin>98</ymin>
			<xmax>564</xmax>
			<ymax>244</ymax>
		</bndbox>
	</object>
	<object>
		<name>Value</name>
		<pose>Unspecified</pose>
		<truncated>Unspecified</truncated>
		<difficult>Unspecified</difficult>
		<bndbox>
			<xmin>523</xmin>
			<ymin>115</ymin>
			<xmax>542</xmax>
			<ymax>134</ymax>
		</bndbox>
	</object>
	<object>
		<name>Value</name>
		<pose>Unspecified</pose>
		<truncated>Unspecified</truncated>
		<difficult>Unspecified</difficult>
		<bndbox>
			<xmin>488</xmin>
			<ymin>124</ymin>
			<xmax>505</xmax>
			<ymax>142</ymax>
		</bndbox>
	</object>
	<object>
		<name>Value</name>
		<pose>Unspecified</pose>
		<truncated>Unspecified</truncated>
		<difficult>Unspecified</difficult>
		<bndbox>
			<xmin>459</xmin>
			<ymin>144</ymin>
			<xmax>475</xmax>
			<ymax>162</ymax>
		</bndbox>
	</object>
	<object>
		<name>Value</name>
		<pose>Unspecified</pose>
		<truncated>Unspecified</truncated>
		<difficult>Unspecified</difficult>
		<bndbox>
			<xmin>438</xmin>
			<ymin>173</ymin>
			<xmax>455</xmax>
			<ymax>191</ymax>
		</bndbox>
	</object>
</annotation>