<annotation>
	<folder>my-project-name</folder>
	<filename>square-90.jpg</filename>
	<path>/my-project-name/square-90.jpg</path>
	<source>
		<database>Unspecified</database>
	</source>
	<size>
		<width>800</width>
		<height>800</height>
		<depth>3</depth>
	</size>
	<object>
		<name>Analog_Rectangle_Ammeter</name>
		<pose>Unspecified</pose>
		<truncated>Unspecified</truncated>
		<difficult>Unspecified</difficult>
		<bndbox>
			<xmin>352</xmin>
			<ymin>250</ymin>
			<xmax>649</xmax>
			<ymax>586</ymax>
		</bndbox>
	</object>
	<object>
		<name>Value</name>
		<pose>Unspecified</pose>
		<truncated>Unspecified</truncated>
		<difficult>Unspecified</difficult>
		<bndbox>
			<xmin>584</xmin>
			<ymin>288</ymin>
			<xmax>630</xmax>
			<ymax>320</ymax>
		</bndbox>
	</object>
	<object>
		<name>Value</name>
		<pose>Unspecified</pose>
		<truncated>Unspecified</truncated>
		<difficult>Unspecified</difficult>
		<bndbox>
			<xmin>481</xmin>
			<ymin>321</ymin>
			<xmax>525</xmax>
			<ymax>356</ymax>
		</bndbox>
	</object>
	<object>
		<name>Value</name>
		<pose>Unspecified</pose>
		<truncated>Unspecified</truncated>
		<difficult>Unspecified</difficult>
		<bndbox>
			<xmin>419</xmin>
			<ymin>398</ymin>
			<xmax>459</xmax>
			<ymax>434</ymax>
		</bndbox>
	</object>
	<object>
		<name>Value</name>
		<pose>Unspecified</pose>
		<truncated>Unspecified</truncated>
		<difficult>Unspecified</difficult>
		<bndbox>
			<xmin>392</xmin>
			<ymin>502</ymin>
			<xmax>415</xmax>
			<ymax>534</ymax>
		</bndbox>
	</object>
</annotation>