<annotation>
	<folder>my-project-name</folder>
	<filename>square-93.jpg</filename>
	<path>/my-project-name/square-93.jpg</path>
	<source>
		<database>Unspecified</database>
	</source>
	<size>
		<width>607</width>
		<height>455</height>
		<depth>3</depth>
	</size>
	<object>
		<name>Analog_Rectangle_Ammeter</name>
		<pose>Unspecified</pose>
		<truncated>Unspecified</truncated>
		<difficult>Unspecified</difficult>
		<bndbox>
			<xmin>155</xmin>
			<ymin>96</ymin>
			<xmax>430</xmax>
			<ymax>358</ymax>
		</bndbox>
	</object>
	<object>
		<name>Value</name>
		<pose>Unspecified</pose>
		<truncated>Unspecified</truncated>
		<difficult>Unspecified</difficult>
		<bndbox>
			<xmin>365</xmin>
			<ymin>130</ymin>
			<xmax>404</xmax>
			<ymax>155</ymax>
		</bndbox>
	</object>
	<object>
		<name>Value</name>
		<pose>Unspecified</pose>
		<truncated>Unspecified</truncated>
		<difficult>Unspecified</difficult>
		<bndbox>
			<xmin>282</xmin>
			<ymin>160</ymin>
			<xmax>323</xmax>
			<ymax>187</ymax>
		</bndbox>
	</object>
	<object>
		<name>Value</name>
		<pose>Unspecified</pose>
		<truncated>Unspecified</truncated>
		<difficult>Unspecified</difficult>
		<bndbox>
			<xmin>213</xmin>
			<ymin>234</ymin>
			<xmax>253</xmax>
			<ymax>264</ymax>
		</bndbox>
	</object>
	<object>
		<name>Value</name>
		<pose>Unspecified</pose>
		<truncated>Unspecified</truncated>
		<difficult>Unspecified</difficult>
		<bndbox>
			<xmin>199</xmin>
			<ymin>310</ymin>
			<xmax>216</xmax>
			<ymax>336</ymax>
		</bndbox>
	</object>
</annotation>