<annotation>
	<folder>my-project-name</folder>
	<filename>square-94.jpg</filename>
	<path>/my-project-name/square-94.jpg</path>
	<source>
		<database>Unspecified</database>
	</source>
	<size>
		<width>470</width>
		<height>412</height>
		<depth>3</depth>
	</size>
	<object>
		<name>Analog_Rectangle_Ammeter</name>
		<pose>Unspecified</pose>
		<truncated>Unspecified</truncated>
		<difficult>Unspecified</difficult>
		<bndbox>
			<xmin>99</xmin>
			<ymin>128</ymin>
			<xmax>262</xmax>
			<ymax>309</ymax>
		</bndbox>
	</object>
	<object>
		<name>Value</name>
		<pose>Unspecified</pose>
		<truncated>Unspecified</truncated>
		<difficult>Unspecified</difficult>
		<bndbox>
			<xmin>228</xmin>
			<ymin>154</ymin>
			<xmax>251</xmax>
			<ymax>170</ymax>
		</bndbox>
	</object>
	<object>
		<name>Value</name>
		<pose>Unspecified</pose>
		<truncated>Unspecified</truncated>
		<difficult>Unspecified</difficult>
		<bndbox>
			<xmin>198</xmin>
			<ymin>158</ymin>
			<xmax>220</xmax>
			<ymax>176</ymax>
		</bndbox>
	</object>
	<object>
		<name>Value</name>
		<pose>Unspecified</pose>
		<truncated>Unspecified</truncated>
		<difficult>Unspecified</difficult>
		<bndbox>
			<xmin>167</xmin>
			<ymin>175</ymin>
			<xmax>190</xmax>
			<ymax>194</ymax>
		</bndbox>
	</object>
	<object>
		<name>Value</name>
		<pose>Unspecified</pose>
		<truncated>Unspecified</truncated>
		<difficult>Unspecified</difficult>
		<bndbox>
			<xmin>140</xmin>
			<ymin>207</ymin>
			<xmax>163</xmax>
			<ymax>224</ymax>
		</bndbox>
	</object>
	<object>
		<name>Value</name>
		<pose>Unspecified</pose>
		<truncated>Unspecified</truncated>
		<difficult>Unspecified</difficult>
		<bndbox>
			<xmin>126</xmin>
			<ymin>246</ymin>
			<xmax>148</xmax>
			<ymax>264</ymax>
		</bndbox>
	</object>
	<object>
		<name>Value</name>
		<pose>Unspecified</pose>
		<truncated>Unspecified</truncated>
		<difficult>Unspecified</difficult>
		<bndbox>
			<xmin>124</xmin>
			<ymin>268</ymin>
			<xmax>136</xmax>
			<ymax>285</ymax>
		</bndbox>
	</object>
</annotation>