<annotation>
	<folder>my-project-name</folder>
	<filename>square-87.jpg</filename>
	<path>/my-project-name/square-87.jpg</path>
	<source>
		<database>Unspecified</database>
	</source>
	<size>
		<width>644</width>
		<height>536</height>
		<depth>3</depth>
	</size>
	<object>
		<name>Analog_Rectangle_Ammeter</name>
		<pose>Unspecified</pose>
		<truncated>Unspecified</truncated>
		<difficult>Unspecified</difficult>
		<bndbox>
			<xmin>144</xmin>
			<ymin>155</ymin>
			<xmax>403</xmax>
			<ymax>413</ymax>
		</bndbox>
	</object>
	<object>
		<name>Value</name>
		<pose>Unspecified</pose>
		<truncated>Unspecified</truncated>
		<difficult>Unspecified</difficult>
		<bndbox>
			<xmin>328</xmin>
			<ymin>192</ymin>
			<xmax>358</xmax>
			<ymax>221</ymax>
		</bndbox>
	</object>
	<object>
		<name>Value</name>
		<pose>Unspecified</pose>
		<truncated>Unspecified</truncated>
		<difficult>Unspecified</difficult>
		<bndbox>
			<xmin>282</xmin>
			<ymin>200</ymin>
			<xmax>303</xmax>
			<ymax>227</ymax>
		</bndbox>
	</object>
	<object>
		<name>Value</name>
		<pose>Unspecified</pose>
		<truncated>Unspecified</truncated>
		<difficult>Unspecified</difficult>
		<bndbox>
			<xmin>238</xmin>
			<ymin>219</ymin>
			<xmax>260</xmax>
			<ymax>249</ymax>
		</bndbox>
	</object>
	<object>
		<name>Value</name>
		<pose>Unspecified</pose>
		<truncated>Unspecified</truncated>
		<difficult>Unspecified</difficult>
		<bndbox>
			<xmin>205</xmin>
			<ymin>249</ymin>
			<xmax>226</xmax>
			<ymax>279</ymax>
		</bndbox>
	</object>
	<object>
		<name>Value</name>
		<pose>Unspecified</pose>
		<truncated>Unspecified</truncated>
		<difficult>Unspecified</difficult>
		<bndbox>
			<xmin>186</xmin>
			<ymin>296</ymin>
			<xmax>205</xmax>
			<ymax>325</ymax>
		</bndbox>
	</object>
</annotation>