<annotation>
	<folder>my-project-name</folder>
	<filename>square-92.jpg</filename>
	<path>/my-project-name/square-92.jpg</path>
	<source>
		<database>Unspecified</database>
	</source>
	<size>
		<width>692</width>
		<height>750</height>
		<depth>3</depth>
	</size>
	<object>
		<name>Analog_Rectangle_Ammeter</name>
		<pose>Unspecified</pose>
		<truncated>Unspecified</truncated>
		<difficult>Unspecified</difficult>
		<bndbox>
			<xmin>315</xmin>
			<ymin>249</ymin>
			<xmax>639</xmax>
			<ymax>577</ymax>
		</bndbox>
	</object>
	<object>
		<name>Value</name>
		<pose>Unspecified</pose>
		<truncated>Unspecified</truncated>
		<difficult>Unspecified</difficult>
		<bndbox>
			<xmin>556</xmin>
			<ymin>292</ymin>
			<xmax>603</xmax>
			<ymax>325</ymax>
		</bndbox>
	</object>
	<object>
		<name>Value</name>
		<pose>Unspecified</pose>
		<truncated>Unspecified</truncated>
		<difficult>Unspecified</difficult>
		<bndbox>
			<xmin>494</xmin>
			<ymin>304</ymin>
			<xmax>543</xmax>
			<ymax>335</ymax>
		</bndbox>
	</object>
	<object>
		<name>Value</name>
		<pose>Unspecified</pose>
		<truncated>Unspecified</truncated>
		<difficult>Unspecified</difficult>
		<bndbox>
			<xmin>433</xmin>
			<ymin>336</ymin>
			<xmax>480</xmax>
			<ymax>370</ymax>
		</bndbox>
	</object>
	<object>
		<name>Value</name>
		<pose>Unspecified</pose>
		<truncated>Unspecified</truncated>
		<difficult>Unspecified</difficult>
		<bndbox>
			<xmin>383</xmin>
			<ymin>412</ymin>
			<xmax>428</xmax>
			<ymax>448</ymax>
		</bndbox>
	</object>
	<object>
		<name>Value</name>
		<pose>Unspecified</pose>
		<truncated>Unspecified</truncated>
		<difficult>Unspecified</difficult>
		<bndbox>
			<xmin>365</xmin>
			<ymin>468</ymin>
			<xmax>401</xmax>
			<ymax>502</ymax>
		</bndbox>
	</object>
</annotation>