<annotation>
	<folder>my-project-name</folder>
	<filename>square-91.jpg</filename>
	<path>/my-project-name/square-91.jpg</path>
	<source>
		<database>Unspecified</database>
	</source>
	<size>
		<width>698</width>
		<height>630</height>
		<depth>3</depth>
	</size>
	<object>
		<name>Analog_Rectangle_Ammeter</name>
		<pose>Unspecified</pose>
		<truncated>Unspecified</truncated>
		<difficult>Unspecified</difficult>
		<bndbox>
			<xmin>214</xmin>
			<ymin>150</ymin>
			<xmax>539</xmax>
			<ymax>485</ymax>
		</bndbox>
	</object>
	<object>
		<name>Value</name>
		<pose>Unspecified</pose>
		<truncated>Unspecified</truncated>
		<difficult>Unspecified</difficult>
		<bndbox>
			<xmin>446</xmin>
			<ymin>189</ymin>
			<xmax>488</xmax>
			<ymax>224</ymax>
		</bndbox>
	</object>
	<object>
		<name>Value</name>
		<pose>Unspecified</pose>
		<truncated>Unspecified</truncated>
		<difficult>Unspecified</difficult>
		<bndbox>
			<xmin>349</xmin>
			<ymin>220</ymin>
			<xmax>390</xmax>
			<ymax>255</ymax>
		</bndbox>
	</object>
	<object>
		<name>Value</name>
		<pose>Unspecified</pose>
		<truncated>Unspecified</truncated>
		<difficult>Unspecified</difficult>
		<bndbox>
			<xmin>260</xmin>
			<ymin>338</ymin>
			<xmax>301</xmax>
			<ymax>371</ymax>
		</bndbox>
	</object>
</annotation>