<annotation>
	<folder>my-project-name</folder>
	<filename>square-100.jpg</filename>
	<path>/my-project-name/square-100.jpg</path>
	<source>
		<database>Unspecified</database>
	</source>
	<size>
		<width>724</width>
		<height>532</height>
		<depth>3</depth>
	</size>
	<object>
		<name>Analog_Rectangle_Ammeter</name>
		<pose>Unspecified</pose>
		<truncated>Unspecified</truncated>
		<difficult>Unspecified</difficult>
		<bndbox>
			<xmin>101</xmin>
			<ymin>129</ymin>
			<xmax>318</xmax>
			<ymax>348</ymax>
		</bndbox>
	</object>
	<object>
		<name>Analog_Rectangle_Ammeter</name>
		<pose>Unspecified</pose>
		<truncated>Unspecified</truncated>
		<difficult>Unspecified</difficult>
		<bndbox>
			<xmin>399</xmin>
			<ymin>131</ymin>
			<xmax>622</xmax>
			<ymax>350</ymax>
		</bndbox>
	</object>
	<object>
		<name>Value</name>
		<pose>Unspecified</pose>
		<truncated>Unspecified</truncated>
		<difficult>Unspecified</difficult>
		<bndbox>
			<xmin>262</xmin>
			<ymin>154</ymin>
			<xmax>296</xmax>
			<ymax>179</ymax>
		</bndbox>
	</object>
	<object>
		<name>Value</name>
		<pose>Unspecified</pose>
		<truncated>Unspecified</truncated>
		<difficult>Unspecified</difficult>
		<bndbox>
			<xmin>190</xmin>
			<ymin>175</ymin>
			<xmax>226</xmax>
			<ymax>198</ymax>
		</bndbox>
	</object>
	<object>
		<name>Value</name>
		<pose>Unspecified</pose>
		<truncated>Unspecified</truncated>
		<difficult>Unspecified</difficult>
		<bndbox>
			<xmin>148</xmin>
			<ymin>224</ymin>
			<xmax>181</xmax>
			<ymax>247</ymax>
		</bndbox>
	</object>
	<object>
		<name>Value</name>
		<pose>Unspecified</pose>
		<truncated>Unspecified</truncated>
		<difficult>Unspecified</difficult>
		<bndbox>
			<xmin>126</xmin>
			<ymin>293</ymin>
			<xmax>144</xmax>
			<ymax>313</ymax>
		</bndbox>
	</object>
	<object>
		<name>Value</name>
		<pose>Unspecified</pose>
		<truncated>Unspecified</truncated>
		<difficult>Unspecified</difficult>
		<bndbox>
			<xmin>512</xmin>
			<ymin>163</ymin>
			<xmax>545</xmax>
			<ymax>186</ymax>
		</bndbox>
	</object>
	<object>
		<name>Value</name>
		<pose>Unspecified</pose>
		<truncated>Unspecified</truncated>
		<difficult>Unspecified</difficult>
		<bndbox>
			<xmin>457</xmin>
			<ymin>200</ymin>
			<xmax>493</xmax>
			<ymax>225</ymax>
		</bndbox>
	</object>
	<object>
		<name>Value</name>
		<pose>Unspecified</pose>
		<truncated>Unspecified</truncated>
		<difficult>Unspecified</difficult>
		<bndbox>
			<xmin>428</xmin>
			<ymin>259</ymin>
			<xmax>463</xmax>
			<ymax>286</ymax>
		</bndbox>
	</object>
	<object>
		<name>Value</name>
		<pose>Unspecified</pose>
		<truncated>Unspecified</truncated>
		<difficult>Unspecified</difficult>
		<bndbox>
			<xmin>425</xmin>
			<ymin>296</ymin>
			<xmax>441</xmax>
			<ymax>318</ymax>
		</bndbox>
	</object>
</annotation>