<annotation>
	<folder>my-project-name</folder>
	<filename>square-84.jpg</filename>
	<path>/my-project-name/square-84.jpg</path>
	<source>
		<database>Unspecified</database>
	</source>
	<size>
		<width>798</width>
		<height>776</height>
		<depth>3</depth>
	</size>
	<object>
		<name>Analog_Rectangle_Ammeter</name>
		<pose>Unspecified</pose>
		<truncated>Unspecified</truncated>
		<difficult>Unspecified</difficult>
		<bndbox>
			<xmin>315</xmin>
			<ymin>310</ymin>
			<xmax>491</xmax>
			<ymax>480</ymax>
		</bndbox>
	</object>
</annotation>